--
-- PostgreSQL database dump
--

-- Dumped from database version 17.4 (Debian 17.4-1.pgdg120+2)
-- Dumped by pg_dump version 17.2

-- Started on 2025-06-02 23:29:39 UTC

SET statement_timeout = 0;
SET lock_timeout = 0;
SET idle_in_transaction_session_timeout = 0;
SET transaction_timeout = 0;
SET client_encoding = 'UTF8';
SET standard_conforming_strings = on;
SELECT pg_catalog.set_config('search_path', '', false);
SET check_function_bodies = false;
SET xmloption = content;
SET client_min_messages = warning;
SET row_security = off;

--
-- TOC entry 5 (class 2615 OID 2200)
-- Name: public; Type: SCHEMA; Schema: -; Owner: tripmakin
--

-- *not* creating schema, since initdb creates it


ALTER SCHEMA public OWNER TO tripmakin;

SET default_tablespace = '';

SET default_table_access_method = heap;

--
-- TOC entry 218 (class 1259 OID 24653)
-- Name: expenses; Type: TABLE; Schema: public; Owner: tripmakin
--

CREATE TABLE public.expenses (
    expense_id integer NOT NULL,
    amount numeric(38,2) NOT NULL,
    category character varying(100),
    currency character varying(10),
    date date,
    description text,
    is_settled boolean,
    trip_id integer NOT NULL,
    user_id integer NOT NULL
);


ALTER TABLE public.expenses OWNER TO tripmakin;

--
-- TOC entry 217 (class 1259 OID 24652)
-- Name: expenses_expense_id_seq; Type: SEQUENCE; Schema: public; Owner: tripmakin
--

ALTER TABLE public.expenses ALTER COLUMN expense_id ADD GENERATED BY DEFAULT AS IDENTITY (
    SEQUENCE NAME public.expenses_expense_id_seq
    START WITH 1
    INCREMENT BY 1
    NO MINVALUE
    NO MAXVALUE
    CACHE 1
);


--
-- TOC entry 229 (class 1259 OID 32853)
-- Name: invitations; Type: TABLE; Schema: public; Owner: tripmakin
--

CREATE TABLE public.invitations (
    invitation_id integer NOT NULL,
    sent_at timestamp(6) without time zone,
    status character varying(255),
    invited_user_id integer,
    inviter_id integer,
    trip_id integer
);


ALTER TABLE public.invitations OWNER TO tripmakin;

--
-- TOC entry 228 (class 1259 OID 32852)
-- Name: invitations_invitation_id_seq; Type: SEQUENCE; Schema: public; Owner: tripmakin
--

ALTER TABLE public.invitations ALTER COLUMN invitation_id ADD GENERATED BY DEFAULT AS IDENTITY (
    SEQUENCE NAME public.invitations_invitation_id_seq
    START WITH 1
    INCREMENT BY 1
    NO MINVALUE
    NO MAXVALUE
    CACHE 1
);


--
-- TOC entry 220 (class 1259 OID 24661)
-- Name: schedules; Type: TABLE; Schema: public; Owner: tripmakin
--

CREATE TABLE public.schedules (
    schedule_id integer NOT NULL,
    date date NOT NULL,
    description text,
    end_time time(6) without time zone NOT NULL,
    location character varying(255),
    start_time time(6) without time zone NOT NULL,
    title character varying(255) NOT NULL,
    type character varying(100),
    created_by integer NOT NULL,
    trip_id integer NOT NULL
);


ALTER TABLE public.schedules OWNER TO tripmakin;

--
-- TOC entry 219 (class 1259 OID 24660)
-- Name: schedules_schedule_id_seq; Type: SEQUENCE; Schema: public; Owner: tripmakin
--

ALTER TABLE public.schedules ALTER COLUMN schedule_id ADD GENERATED BY DEFAULT AS IDENTITY (
    SEQUENCE NAME public.schedules_schedule_id_seq
    START WITH 1
    INCREMENT BY 1
    NO MINVALUE
    NO MAXVALUE
    CACHE 1
);


--
-- TOC entry 222 (class 1259 OID 24669)
-- Name: trip_participants; Type: TABLE; Schema: public; Owner: tripmakin
--

CREATE TABLE public.trip_participants (
    participant_id integer NOT NULL,
    joined_at timestamp(6) without time zone,
    role character varying(50),
    status character varying(50),
    trip_id integer NOT NULL,
    user_id integer NOT NULL
);


ALTER TABLE public.trip_participants OWNER TO tripmakin;

--
-- TOC entry 221 (class 1259 OID 24668)
-- Name: trip_participants_participant_id_seq; Type: SEQUENCE; Schema: public; Owner: tripmakin
--

ALTER TABLE public.trip_participants ALTER COLUMN participant_id ADD GENERATED BY DEFAULT AS IDENTITY (
    SEQUENCE NAME public.trip_participants_participant_id_seq
    START WITH 1
    INCREMENT BY 1
    NO MINVALUE
    NO MAXVALUE
    CACHE 1
);


--
-- TOC entry 224 (class 1259 OID 24675)
-- Name: trips; Type: TABLE; Schema: public; Owner: tripmakin
--

CREATE TABLE public.trips (
    trip_id integer NOT NULL,
    cover_photo character varying(255),
    description text,
    destination character varying(255) NOT NULL,
    end_date date NOT NULL,
    start_date date NOT NULL,
    status character varying(255),
    created_by integer NOT NULL
);


ALTER TABLE public.trips OWNER TO tripmakin;

--
-- TOC entry 223 (class 1259 OID 24674)
-- Name: trips_trip_id_seq; Type: SEQUENCE; Schema: public; Owner: tripmakin
--

ALTER TABLE public.trips ALTER COLUMN trip_id ADD GENERATED BY DEFAULT AS IDENTITY (
    SEQUENCE NAME public.trips_trip_id_seq
    START WITH 1
    INCREMENT BY 1
    NO MINVALUE
    NO MAXVALUE
    CACHE 1
);


--
-- TOC entry 227 (class 1259 OID 32844)
-- Name: user_roles; Type: TABLE; Schema: public; Owner: tripmakin
--

CREATE TABLE public.user_roles (
    user_id integer NOT NULL,
    role character varying(255)
);


ALTER TABLE public.user_roles OWNER TO tripmakin;

--
-- TOC entry 226 (class 1259 OID 24683)
-- Name: users; Type: TABLE; Schema: public; Owner: tripmakin
--

CREATE TABLE public.users (
    user_id integer NOT NULL,
    bio text,
    created_at timestamp(6) without time zone,
    email character varying(255) NOT NULL,
    first_name character varying(100) NOT NULL,
    is_active boolean,
    last_login_at timestamp(6) without time zone,
    last_name character varying(100) NOT NULL,
    nickname character varying(100),
    password character varying(255),
    phone_number character varying(20),
    profile_picture character varying(255)
);


ALTER TABLE public.users OWNER TO tripmakin;

--
-- TOC entry 225 (class 1259 OID 24682)
-- Name: users_user_id_seq; Type: SEQUENCE; Schema: public; Owner: tripmakin
--

ALTER TABLE public.users ALTER COLUMN user_id ADD GENERATED BY DEFAULT AS IDENTITY (
    SEQUENCE NAME public.users_user_id_seq
    START WITH 1
    INCREMENT BY 1
    NO MINVALUE
    NO MAXVALUE
    CACHE 1
);


--
-- TOC entry 3424 (class 0 OID 24653)
-- Dependencies: 218
-- Data for Name: expenses; Type: TABLE DATA; Schema: public; Owner: tripmakin
--

INSERT INTO public.expenses VALUES (1, 500.00, 'bilety', 'PLN', '2025-05-22', 'bilety lotnicze', false, 1, 19);
INSERT INTO public.expenses VALUES (2, 20.00, 'bilety', 'PLN', '2025-05-30', 'muzeum', false, 1, 21);
INSERT INTO public.expenses VALUES (3, 50.00, 'jedzenie', 'PLN', '2025-05-30', 'obiad', false, 1, 21);
INSERT INTO public.expenses VALUES (4, 500.00, 'paliwo', 'PLN', '2025-05-31', 'Paliwo', false, 4, 24);
INSERT INTO public.expenses VALUES (5, 500.00, 'nocleg', 'PLN', '2025-05-31', 'opłata za wynajem', false, 5, 25);
INSERT INTO public.expenses VALUES (6, 49.00, 'bilety', 'PLN', '2025-05-31', 'bilety', false, 6, 26);
INSERT INTO public.expenses VALUES (7, 200.00, 'jedzenie', 'PLN', '2025-06-03', 'zakupy', false, 7, 27);
INSERT INTO public.expenses VALUES (8, 123.00, 'bilety', 'PLN', '2025-06-02', 'biliety', false, 3, 23);


--
-- TOC entry 3435 (class 0 OID 32853)
-- Dependencies: 229
-- Data for Name: invitations; Type: TABLE DATA; Schema: public; Owner: tripmakin
--

INSERT INTO public.invitations VALUES (1, '2025-05-29 20:12:13.129362', 'ACCEPTED', 21, 19, 1);
INSERT INTO public.invitations VALUES (2, '2025-05-29 20:20:07.163632', 'ACCEPTED', 21, 19, 1);
INSERT INTO public.invitations VALUES (3, '2025-05-29 20:24:54.308627', 'ACCEPTED', 20, 21, 1);
INSERT INTO public.invitations VALUES (4, '2025-05-29 20:51:23.101797', 'ACCEPTED', 21, 20, 2);
INSERT INTO public.invitations VALUES (5, '2025-05-30 13:51:36.414706', 'ACCEPTED', 21, 23, 3);
INSERT INTO public.invitations VALUES (7, '2025-05-31 00:16:09.700027', 'PENDING', 23, 24, 4);
INSERT INTO public.invitations VALUES (9, '2025-05-31 13:46:36.540616', 'PENDING', 25, 26, 6);
INSERT INTO public.invitations VALUES (10, '2025-05-31 14:08:11.637444', 'PENDING', 21, 27, 7);
INSERT INTO public.invitations VALUES (11, '2025-06-01 21:54:17.89674', 'PENDING', 26, 24, 4);
INSERT INTO public.invitations VALUES (8, '2025-05-31 12:00:56.016968', 'REJECTED', 24, 25, 5);
INSERT INTO public.invitations VALUES (14, '2025-06-01 22:05:18.207854', 'PENDING', 25, 27, 7);
INSERT INTO public.invitations VALUES (13, '2025-06-01 22:03:34.114024', 'REJECTED', 24, 25, 5);
INSERT INTO public.invitations VALUES (12, '2025-06-01 21:55:19.0919', 'ACCEPTED', 24, 26, 6);
INSERT INTO public.invitations VALUES (15, '2025-06-01 22:10:34.52634', 'PENDING', 27, 26, 6);
INSERT INTO public.invitations VALUES (16, '2025-06-01 22:15:11.103678', 'ACCEPTED', 27, 23, 3);
INSERT INTO public.invitations VALUES (6, '2025-05-30 13:53:51.649165', 'ACCEPTED', 21, 23, 3);
INSERT INTO public.invitations VALUES (17, '2025-06-02 00:21:18.049461', 'PENDING', 23, 28, 8);


--
-- TOC entry 3426 (class 0 OID 24661)
-- Dependencies: 220
-- Data for Name: schedules; Type: TABLE DATA; Schema: public; Owner: tripmakin
--

INSERT INTO public.schedules VALUES (2, '2025-05-31', 'wejście z przewodnikiem', '15:00:00', 'Rue de Rivoli, 75001', '11:00:00', 'Louvre', 'zwiedzanie', 19, 1);
INSERT INTO public.schedules VALUES (3, '2025-06-01', 'pływanie', '15:00:00', 'śniardwy', '11:00:00', 'żeglowanie', 'aktywność', 24, 4);
INSERT INTO public.schedules VALUES (4, '2025-07-21', 'trasa', '13:00:00', 'brak', '12:00:00', 'Przejazd', 'przejazd', 25, 5);
INSERT INTO public.schedules VALUES (5, '2025-06-10', '', '13:00:00', '', '12:00:00', 'rynek', 'zwiedzanie', 26, 6);
INSERT INTO public.schedules VALUES (6, '2025-06-05', '', '12:00:00', '', '10:00:00', 'pływanie z delfinami', 'aktywnośc', 27, 7);
INSERT INTO public.schedules VALUES (7, '2025-06-02', '', '13:00:00', '', '12:00:00', 'zwiedzanie', '', 21, 3);


--
-- TOC entry 3428 (class 0 OID 24669)
-- Dependencies: 222
-- Data for Name: trip_participants; Type: TABLE DATA; Schema: public; Owner: tripmakin
--

INSERT INTO public.trip_participants VALUES (2, '2025-05-29 17:03:39.193824', 'OWNER', 'ACTIVE', 2, 20);
INSERT INTO public.trip_participants VALUES (1, '2025-05-29 16:57:07.556398', 'OWNER', 'ACTIVE', 1, 19);
INSERT INTO public.trip_participants VALUES (3, '2025-05-29 20:21:05.393256', 'USER', 'ACTIVE', 1, 21);
INSERT INTO public.trip_participants VALUES (5, '2025-05-29 22:38:10.663717', 'USER', 'ACTIVE', 2, 21);
INSERT INTO public.trip_participants VALUES (6, '2025-05-30 13:49:18.250098', 'OWNER', 'ACTIVE', 3, 23);
INSERT INTO public.trip_participants VALUES (8, '2025-05-31 00:14:48.021352', 'OWNER', 'ACTIVE', 4, 24);
INSERT INTO public.trip_participants VALUES (9, '2025-05-31 12:00:31.227639', 'OWNER', 'ACTIVE', 5, 25);
INSERT INTO public.trip_participants VALUES (10, '2025-05-31 13:46:25.806137', 'OWNER', 'ACTIVE', 6, 26);
INSERT INTO public.trip_participants VALUES (11, '2025-05-31 14:07:58.259751', 'OWNER', 'ACTIVE', 7, 27);
INSERT INTO public.trip_participants VALUES (12, '2025-06-01 22:06:26.174068', 'USER', 'ACTIVE', 6, 24);
INSERT INTO public.trip_participants VALUES (13, '2025-06-01 22:15:54.925783', 'USER', 'ACTIVE', 3, 27);
INSERT INTO public.trip_participants VALUES (14, '2025-06-02 00:11:33.316965', 'USER', 'ACTIVE', 3, 21);
INSERT INTO public.trip_participants VALUES (15, '2025-06-02 00:21:04.917183', 'OWNER', 'ACTIVE', 8, 28);


--
-- TOC entry 3430 (class 0 OID 24675)
-- Dependencies: 224
-- Data for Name: trips; Type: TABLE DATA; Schema: public; Owner: tripmakin
--

INSERT INTO public.trips VALUES (3, '', 'wycieczka', 'Tajlandia', '2025-07-08', '2025-07-01', 'PLANNED', 23);
INSERT INTO public.trips VALUES (5, '', 'roadtrip', 'Chorwacja', '2025-07-27', '2025-07-21', 'PLANNED', 25);
INSERT INTO public.trips VALUES (6, '', 'wycieczka', 'Kraków', '2025-06-11', '2025-06-09', 'PLANNED', 26);
INSERT INTO public.trips VALUES (7, '', 'kulinarne podróże', 'Toskania', '2025-06-08', '2025-06-04', 'PLANNED', 27);
INSERT INTO public.trips VALUES (4, '', 'żeglowanie', 'Mazury', '2025-06-08', '2025-06-01', 'IN_PROGRESS', 24);
INSERT INTO public.trips VALUES (2, '', 'zwiedzanie wyspy', 'Malta', '2025-06-08', '2025-06-02', 'IN_PROGRESS', 20);
INSERT INTO public.trips VALUES (1, '', 'city break', 'Paryż', '2025-06-01', '2025-05-30', 'FINISHED', 19);
INSERT INTO public.trips VALUES (8, '', '', 'Chiny', '2025-08-18', '2025-08-11', 'PLANNED', 28);


--
-- TOC entry 3433 (class 0 OID 32844)
-- Dependencies: 227
-- Data for Name: user_roles; Type: TABLE DATA; Schema: public; Owner: tripmakin
--

INSERT INTO public.user_roles VALUES (19, 'USER');
INSERT INTO public.user_roles VALUES (20, 'USER');
INSERT INTO public.user_roles VALUES (21, 'USER');
INSERT INTO public.user_roles VALUES (23, 'USER');
INSERT INTO public.user_roles VALUES (22, 'ADMIN');
INSERT INTO public.user_roles VALUES (24, 'USER');
INSERT INTO public.user_roles VALUES (25, 'USER');
INSERT INTO public.user_roles VALUES (26, 'USER');
INSERT INTO public.user_roles VALUES (27, 'USER');
INSERT INTO public.user_roles VALUES (28, 'USER');


--
-- TOC entry 3432 (class 0 OID 24683)
-- Dependencies: 226
-- Data for Name: users; Type: TABLE DATA; Schema: public; Owner: tripmakin
--

INSERT INTO public.users VALUES (19, NULL, '2025-05-27 19:00:41.14413', 'test3@example.com', 'Test3', true, NULL, 'Test3', 'test', '$2a$10$LDx3z07E6TRjwg8pChdWu.GXIjEgwITBxdR5UDsOIzIn6MjAKmSBu', NULL, NULL);
INSERT INTO public.users VALUES (20, NULL, '2025-05-28 10:28:38.492229', 'jgrab@example.com', 'Jakub', true, NULL, 'Grabowski', NULL, '$2a$10$fUlK.jCjPcj8wfyYg.pC7.XOsuteVCgBcWI3AAAZGgRxDT14.br6y', NULL, NULL);
INSERT INTO public.users VALUES (21, NULL, '2025-05-29 19:59:29.372068', 'kurek@example.com', 'Bartosz', true, NULL, 'Kurek', NULL, '$2a$10$flcABCxav7TVZJ/7rlPLyuTz3M5iQ5.3WPoPzt6JncX7.fJ6DfgXe', NULL, NULL);
INSERT INTO public.users VALUES (22, NULL, '2025-05-30 12:16:18.886347', 'admin@admin.com', 'admin', true, NULL, 'admin', NULL, '$2a$10$PIqNqvEq29mgyyMSDYz4GeKBlycT0Ujep11GYxofvmz3r2/FU2pai', NULL, NULL);
INSERT INTO public.users VALUES (23, NULL, '2025-05-30 13:48:24.637101', 'klos@example.com', 'Karol', true, NULL, 'Kłos', NULL, '$2a$10$qfsMedCd48iycr6qjnX1fOa3vycl2w.OsRXk2qO0a57qqTUDOpuPi', NULL, NULL);
INSERT INTO public.users VALUES (24, NULL, '2025-05-31 00:11:36.843597', 'kot@example.com', 'Maciej', true, NULL, 'Kot', NULL, '$2a$10$Mxe6Jg1CFyvYAzKFytCf3.0NCgmrL40x4Hhai1xM2sgZWV3EQhffe', NULL, NULL);
INSERT INTO public.users VALUES (25, NULL, '2025-05-31 11:54:55.423493', 'lis@example.com', 'Iga', true, NULL, 'Lis', NULL, '$2a$10$orqzSbA6aW.awAemj0XPue8JefaSzv/XG/xg7oryuqyk5yu40MalG', NULL, NULL);
INSERT INTO public.users VALUES (26, NULL, '2025-05-31 13:45:50.236617', 'musial@example.com', 'Maciej', true, NULL, 'Musiał', NULL, '$2a$10$0fT0mWkZ8n6NMzilSxfsEur0fNHwW1K5Cir.MlNAaWraNOw7/FgZ.', NULL, NULL);
INSERT INTO public.users VALUES (27, NULL, '2025-05-31 14:05:22.55824', 'maklowiczk@example.com', 'Robert', true, NULL, 'Makłowicz', NULL, '$2a$10$3fue2ifjjT6GJhuW0p2jPeLMwkmDwPpfhmsqS2xsQnLr4HE.fr5Ve', NULL, NULL);
INSERT INTO public.users VALUES (28, NULL, '2025-06-02 00:20:26.21846', 'karolak@example.com', 'Tomasz', true, NULL, 'Karolak', NULL, '$2a$10$ahiA4FunSe7ELeWHQSrFPuVGphqZz3dD3MS26iJHFgo4MCkH4435S', NULL, NULL);


--
-- TOC entry 3441 (class 0 OID 0)
-- Dependencies: 217
-- Name: expenses_expense_id_seq; Type: SEQUENCE SET; Schema: public; Owner: tripmakin
--

SELECT pg_catalog.setval('public.expenses_expense_id_seq', 8, true);


--
-- TOC entry 3442 (class 0 OID 0)
-- Dependencies: 228
-- Name: invitations_invitation_id_seq; Type: SEQUENCE SET; Schema: public; Owner: tripmakin
--

SELECT pg_catalog.setval('public.invitations_invitation_id_seq', 17, true);


--
-- TOC entry 3443 (class 0 OID 0)
-- Dependencies: 219
-- Name: schedules_schedule_id_seq; Type: SEQUENCE SET; Schema: public; Owner: tripmakin
--

SELECT pg_catalog.setval('public.schedules_schedule_id_seq', 7, true);


--
-- TOC entry 3444 (class 0 OID 0)
-- Dependencies: 221
-- Name: trip_participants_participant_id_seq; Type: SEQUENCE SET; Schema: public; Owner: tripmakin
--

SELECT pg_catalog.setval('public.trip_participants_participant_id_seq', 15, true);


--
-- TOC entry 3445 (class 0 OID 0)
-- Dependencies: 223
-- Name: trips_trip_id_seq; Type: SEQUENCE SET; Schema: public; Owner: tripmakin
--

SELECT pg_catalog.setval('public.trips_trip_id_seq', 8, true);


--
-- TOC entry 3446 (class 0 OID 0)
-- Dependencies: 225
-- Name: users_user_id_seq; Type: SEQUENCE SET; Schema: public; Owner: tripmakin
--

SELECT pg_catalog.setval('public.users_user_id_seq', 28, true);


--
-- TOC entry 3240 (class 2606 OID 24659)
-- Name: expenses expenses_pkey; Type: CONSTRAINT; Schema: public; Owner: tripmakin
--

ALTER TABLE ONLY public.expenses
    ADD CONSTRAINT expenses_pkey PRIMARY KEY (expense_id);


--
-- TOC entry 3266 (class 2606 OID 32857)
-- Name: invitations invitations_pkey; Type: CONSTRAINT; Schema: public; Owner: tripmakin
--

ALTER TABLE ONLY public.invitations
    ADD CONSTRAINT invitations_pkey PRIMARY KEY (invitation_id);


--
-- TOC entry 3245 (class 2606 OID 24667)
-- Name: schedules schedules_pkey; Type: CONSTRAINT; Schema: public; Owner: tripmakin
--

ALTER TABLE ONLY public.schedules
    ADD CONSTRAINT schedules_pkey PRIMARY KEY (schedule_id);


--
-- TOC entry 3250 (class 2606 OID 24673)
-- Name: trip_participants trip_participants_pkey; Type: CONSTRAINT; Schema: public; Owner: tripmakin
--

ALTER TABLE ONLY public.trip_participants
    ADD CONSTRAINT trip_participants_pkey PRIMARY KEY (participant_id);


--
-- TOC entry 3254 (class 2606 OID 24681)
-- Name: trips trips_pkey; Type: CONSTRAINT; Schema: public; Owner: tripmakin
--

ALTER TABLE ONLY public.trips
    ADD CONSTRAINT trips_pkey PRIMARY KEY (trip_id);


--
-- TOC entry 3258 (class 2606 OID 24691)
-- Name: users uk6dotkott2kjsp8vw4d0m25fb7; Type: CONSTRAINT; Schema: public; Owner: tripmakin
--

ALTER TABLE ONLY public.users
    ADD CONSTRAINT uk6dotkott2kjsp8vw4d0m25fb7 UNIQUE (email);


--
-- TOC entry 3260 (class 2606 OID 24689)
-- Name: users users_pkey; Type: CONSTRAINT; Schema: public; Owner: tripmakin
--

ALTER TABLE ONLY public.users
    ADD CONSTRAINT users_pkey PRIMARY KEY (user_id);


--
-- TOC entry 3241 (class 1259 OID 32873)
-- Name: idx_expenses_trip_id; Type: INDEX; Schema: public; Owner: tripmakin
--

CREATE INDEX idx_expenses_trip_id ON public.expenses USING btree (trip_id);


--
-- TOC entry 3242 (class 1259 OID 32874)
-- Name: idx_expenses_user_id; Type: INDEX; Schema: public; Owner: tripmakin
--

CREATE INDEX idx_expenses_user_id ON public.expenses USING btree (user_id);


--
-- TOC entry 3261 (class 1259 OID 32876)
-- Name: idx_invitations_invited_user_id; Type: INDEX; Schema: public; Owner: tripmakin
--

CREATE INDEX idx_invitations_invited_user_id ON public.invitations USING btree (invited_user_id);


--
-- TOC entry 3262 (class 1259 OID 32877)
-- Name: idx_invitations_inviter_id; Type: INDEX; Schema: public; Owner: tripmakin
--

CREATE INDEX idx_invitations_inviter_id ON public.invitations USING btree (inviter_id);


--
-- TOC entry 3263 (class 1259 OID 32878)
-- Name: idx_invitations_status; Type: INDEX; Schema: public; Owner: tripmakin
--

CREATE INDEX idx_invitations_status ON public.invitations USING btree (status);


--
-- TOC entry 3264 (class 1259 OID 32875)
-- Name: idx_invitations_trip_id; Type: INDEX; Schema: public; Owner: tripmakin
--

CREATE INDEX idx_invitations_trip_id ON public.invitations USING btree (trip_id);


--
-- TOC entry 3243 (class 1259 OID 32879)
-- Name: idx_schedules_trip_id; Type: INDEX; Schema: public; Owner: tripmakin
--

CREATE INDEX idx_schedules_trip_id ON public.schedules USING btree (trip_id);


--
-- TOC entry 3246 (class 1259 OID 32882)
-- Name: idx_trip_participants_role; Type: INDEX; Schema: public; Owner: tripmakin
--

CREATE INDEX idx_trip_participants_role ON public.trip_participants USING btree (role);


--
-- TOC entry 3247 (class 1259 OID 32881)
-- Name: idx_trip_participants_trip_id; Type: INDEX; Schema: public; Owner: tripmakin
--

CREATE INDEX idx_trip_participants_trip_id ON public.trip_participants USING btree (trip_id);


--
-- TOC entry 3248 (class 1259 OID 32880)
-- Name: idx_trip_participants_user_id; Type: INDEX; Schema: public; Owner: tripmakin
--

CREATE INDEX idx_trip_participants_user_id ON public.trip_participants USING btree (user_id);


--
-- TOC entry 3251 (class 1259 OID 32884)
-- Name: idx_trips_created_by; Type: INDEX; Schema: public; Owner: tripmakin
--

CREATE INDEX idx_trips_created_by ON public.trips USING btree (created_by);


--
-- TOC entry 3252 (class 1259 OID 32883)
-- Name: idx_trips_status; Type: INDEX; Schema: public; Owner: tripmakin
--

CREATE INDEX idx_trips_status ON public.trips USING btree (status);


--
-- TOC entry 3255 (class 1259 OID 32885)
-- Name: idx_users_email; Type: INDEX; Schema: public; Owner: tripmakin
--

CREATE INDEX idx_users_email ON public.users USING btree (email);


--
-- TOC entry 3256 (class 1259 OID 32886)
-- Name: idx_users_user_id; Type: INDEX; Schema: public; Owner: tripmakin
--

CREATE INDEX idx_users_user_id ON public.users USING btree (user_id);


--
-- TOC entry 3275 (class 2606 OID 32858)
-- Name: invitations fk3scq49jdy7n080nadkfdywhsh; Type: FK CONSTRAINT; Schema: public; Owner: tripmakin
--

ALTER TABLE ONLY public.invitations
    ADD CONSTRAINT fk3scq49jdy7n080nadkfdywhsh FOREIGN KEY (invited_user_id) REFERENCES public.users(user_id);


--
-- TOC entry 3276 (class 2606 OID 32868)
-- Name: invitations fk5cqr2nlwa6h9a3n6x8djnl4wf; Type: FK CONSTRAINT; Schema: public; Owner: tripmakin
--

ALTER TABLE ONLY public.invitations
    ADD CONSTRAINT fk5cqr2nlwa6h9a3n6x8djnl4wf FOREIGN KEY (trip_id) REFERENCES public.trips(trip_id);


--
-- TOC entry 3267 (class 2606 OID 24692)
-- Name: expenses fk9twvm79qw1voae3xgtn1xq5y9; Type: FK CONSTRAINT; Schema: public; Owner: tripmakin
--

ALTER TABLE ONLY public.expenses
    ADD CONSTRAINT fk9twvm79qw1voae3xgtn1xq5y9 FOREIGN KEY (trip_id) REFERENCES public.trips(trip_id);


--
-- TOC entry 3271 (class 2606 OID 24717)
-- Name: trip_participants fkbeunib5g3xiv5k536muc40e2u; Type: FK CONSTRAINT; Schema: public; Owner: tripmakin
--

ALTER TABLE ONLY public.trip_participants
    ADD CONSTRAINT fkbeunib5g3xiv5k536muc40e2u FOREIGN KEY (user_id) REFERENCES public.users(user_id);


--
-- TOC entry 3273 (class 2606 OID 24722)
-- Name: trips fkc4x3abgpcmxs8xcr9f238fpby; Type: FK CONSTRAINT; Schema: public; Owner: tripmakin
--

ALTER TABLE ONLY public.trips
    ADD CONSTRAINT fkc4x3abgpcmxs8xcr9f238fpby FOREIGN KEY (created_by) REFERENCES public.users(user_id);


--
-- TOC entry 3272 (class 2606 OID 24712)
-- Name: trip_participants fkc6d12085i1yorioljubuake4f; Type: FK CONSTRAINT; Schema: public; Owner: tripmakin
--

ALTER TABLE ONLY public.trip_participants
    ADD CONSTRAINT fkc6d12085i1yorioljubuake4f FOREIGN KEY (trip_id) REFERENCES public.trips(trip_id);


--
-- TOC entry 3277 (class 2606 OID 32863)
-- Name: invitations fkc93ihvftpd11j547qgc9fobmc; Type: FK CONSTRAINT; Schema: public; Owner: tripmakin
--

ALTER TABLE ONLY public.invitations
    ADD CONSTRAINT fkc93ihvftpd11j547qgc9fobmc FOREIGN KEY (inviter_id) REFERENCES public.users(user_id);


--
-- TOC entry 3269 (class 2606 OID 24707)
-- Name: schedules fkdh9pxstw5e63ppyxplm5hglpc; Type: FK CONSTRAINT; Schema: public; Owner: tripmakin
--

ALTER TABLE ONLY public.schedules
    ADD CONSTRAINT fkdh9pxstw5e63ppyxplm5hglpc FOREIGN KEY (trip_id) REFERENCES public.trips(trip_id);


--
-- TOC entry 3274 (class 2606 OID 32847)
-- Name: user_roles fkhfh9dx7w3ubf1co1vdev94g3f; Type: FK CONSTRAINT; Schema: public; Owner: tripmakin
--

ALTER TABLE ONLY public.user_roles
    ADD CONSTRAINT fkhfh9dx7w3ubf1co1vdev94g3f FOREIGN KEY (user_id) REFERENCES public.users(user_id);


--
-- TOC entry 3268 (class 2606 OID 24697)
-- Name: expenses fkhpk0n2cbnfiuu5nrgl0ika3hq; Type: FK CONSTRAINT; Schema: public; Owner: tripmakin
--

ALTER TABLE ONLY public.expenses
    ADD CONSTRAINT fkhpk0n2cbnfiuu5nrgl0ika3hq FOREIGN KEY (user_id) REFERENCES public.users(user_id);


--
-- TOC entry 3270 (class 2606 OID 24702)
-- Name: schedules fkjp4ylrql7om6rh8rm90qbdn9x; Type: FK CONSTRAINT; Schema: public; Owner: tripmakin
--

ALTER TABLE ONLY public.schedules
    ADD CONSTRAINT fkjp4ylrql7om6rh8rm90qbdn9x FOREIGN KEY (created_by) REFERENCES public.users(user_id);


-- Completed on 2025-06-02 23:29:39 UTC

--
-- PostgreSQL database dump complete
--

